id;name;alcohol_percentage;description;added_date;adress_of_origin;style;comment
1;Shoes foreground;26;Shirt green Nevada;2021-02-01;Central Branding Club;methodology synergies;Peso Uruguayo Uruguay Peso en Unidades Indexadas
2;violet;82;IB Program;2021-02-01;Re-contextualized;Metal;Mill
3;Silver;24;Creative synergize;2021-02-01;ROI facilitate Product;Specialist interactive;synthesizing Metal
4;Assimilated;62;explicit Rand Namibia Dollar;2021-01-31;virtual;invoice bus;grey Future-proofed
5;SMS De-engineered;21;open architecture Nuevo Sol;2021-02-01;Course Causeway;Savings Account orange Coordinator;HTTP
6;payment Generic Granite Chicken Auto Loan Account;4;override;2021-02-01;Cotton;digital maximize;Gloves
7;supply-chains;10;reinvent Steel;2021-02-01;Small Plastic Bike;Intranet instruction set;pixel standardization
8;engage;95;Credit Card Account Developer Bedfordshire;2021-01-31;contingency collaborative;clicks-and-mortar Intelligent Fresh Table;JBOD architectures Money Market Account
9;Pass;71;overriding;2021-02-01;networks white;web-enabled Berkshire Decentralized;Fish markets Buckinghamshire
10;flexibility Station robust;42;Multi-lateral;2021-01-31;Tennessee leverage blue;ADP synthesize Agent;withdrawal
